-- ============================================================
-- Smart Energy Analytics Platform — Sample Seed Data
-- MySQL 8.0+ compatible
--
-- Run this AFTER schema.sql has been executed.
--
-- IMPORTANT — PASSWORDS:
-- The `password` column below contains PLACEHOLDER bcrypt
-- hashes (60-character strings starting with $2b$12$...) that
-- are NOT cryptographically valid for the documented
-- passwords, because this hash must be generated by
-- Flask-Bcrypt using your app's secret/runtime — it cannot be
-- hand-written in SQL.
--
-- After running this file, set REAL passwords by running:
--
--     flask shell
--     >>> from src.models.user import User
--     >>> from app import db
--     >>> admin = User.query.filter_by(username="admin").first()
--     >>> admin.set_password("Admin@123")
--     >>> demo  = User.query.filter_by(username="demo_user").first()
--     >>> demo.set_password("User@123")
--     >>> db.session.commit()
--
-- (A ready-to-run script `database/set_sample_passwords.py`
--  automates exactly this — see the implementation notes.)
-- ============================================================

SET NAMES utf8mb4;
SET FOREIGN_KEY_CHECKS = 0;

-- ============================================================
-- 1. USERS — 1 admin + 1 normal user
-- ============================================================
INSERT INTO `users`
    (`id`, `username`, `email`, `password`, `first_name`, `last_name`,
     `role`, `is_active`, `last_login`, `created_at`)
VALUES
    (1, 'admin', 'admin@smartenergy.com',
     '$2b$12$PLACEHOLDERHASHADMIN00000000000000000000000000000000',
     'System', 'Administrator', 'admin', 1, NOW(), NOW() - INTERVAL 120 DAY),

    (2, 'demo_user', 'demo@smartenergy.com',
     '$2b$12$PLACEHOLDERHASHDEMOUSER0000000000000000000000000000000',
     'Demo', 'User', 'user', 1, NOW(), NOW() - INTERVAL 100 DAY);



-- ============================================================
-- 2. ELECTRICITY_USAGE — 90 days of history per user
--    (covers ~3 months so analytics/forecasting/carbon work)
-- ============================================================
-- electricity_usage: 90 days each, from 2026-03-15 to 2026-06-12
-- user_id=1 (admin), user_id=2 (demo user)
INSERT INTO `electricity_usage` (`user_id`, `date`, `units_consumed`, `cost`, `tariff_rate`, `source`, `notes`) VALUES
(1, '2026-03-15', 7.38, 47.97, 6.5, 'manual', NULL),
(1, '2026-03-16', 5.89, 38.28, 6.5, 'manual', NULL),
(1, '2026-03-17', 5.97, 38.8, 6.5, 'manual', NULL),
(1, '2026-03-18', 6.65, 43.23, 6.5, 'manual', NULL),
(1, '2026-03-19', 6.02, 39.13, 6.5, 'manual', NULL),
(1, '2026-03-20', 4.95, 32.18, 6.5, 'manual', NULL),
(1, '2026-03-21', 7.95, 51.68, 6.5, 'manual', NULL),
(1, '2026-03-22', 7.5, 48.75, 6.5, 'manual', NULL),
(1, '2026-03-23', 6.07, 39.45, 6.5, 'manual', NULL),
(1, '2026-03-24', 6.36, 41.34, 6.5, 'manual', NULL),
(1, '2026-03-25', 6.49, 42.19, 6.5, 'manual', NULL),
(1, '2026-03-26', 7.26, 47.19, 6.5, 'manual', NULL),
(1, '2026-03-27', 6.89, 44.78, 6.5, 'manual', NULL),
(1, '2026-03-28', 7.98, 51.87, 6.5, 'manual', NULL),
(1, '2026-03-29', 7.33, 47.65, 6.5, 'manual', NULL),
(1, '2026-03-30', 5.64, 36.66, 6.5, 'manual', NULL),
(1, '2026-03-31', 6.68, 43.42, 6.5, 'manual', NULL),
(1, '2026-04-01', 7.56, 49.14, 6.5, 'manual', NULL),
(1, '2026-04-02', 6.57, 42.7, 6.5, 'manual', NULL),
(1, '2026-04-03', 6.48, 42.12, 6.5, 'manual', NULL),
(1, '2026-04-04', 8.53, 55.44, 6.5, 'manual', NULL),
(1, '2026-04-05', 6.97, 45.3, 6.5, 'manual', NULL),
(1, '2026-04-06', 6.41, 41.66, 6.5, 'manual', NULL),
(1, '2026-04-07', 7.08, 46.02, 6.5, 'manual', NULL),
(1, '2026-04-08', 7.42, 48.23, 6.5, 'manual', NULL),
(1, '2026-04-09', 6.56, 42.64, 6.5, 'manual', NULL),
(1, '2026-04-10', 7.08, 46.02, 6.5, 'manual', NULL),
(1, '2026-04-11', 8.51, 55.31, 6.5, 'manual', NULL),
(1, '2026-04-12', 8.97, 58.31, 6.5, 'manual', NULL),
(1, '2026-04-13', 5.98, 38.87, 6.5, 'manual', NULL),
(1, '2026-04-14', 7.35, 47.77, 6.5, 'manual', NULL),
(1, '2026-04-15', 5.72, 37.18, 6.5, 'manual', NULL),
(1, '2026-04-16', 4.86, 31.59, 6.5, 'manual', NULL),
(1, '2026-04-17', 6.5, 42.25, 6.5, 'manual', NULL),
(1, '2026-04-18', 7.79, 50.63, 6.5, 'manual', NULL),
(1, '2026-04-19', 9.25, 60.12, 6.5, 'manual', NULL),
(1, '2026-04-20', 7.61, 49.47, 6.5, 'manual', NULL),
(1, '2026-04-21', 6.13, 39.84, 6.5, 'manual', NULL),
(1, '2026-04-22', 7.82, 50.83, 6.5, 'manual', NULL),
(1, '2026-04-23', 6.37, 41.41, 6.5, 'manual', NULL),
(1, '2026-04-24', 7.13, 46.34, 6.5, 'manual', NULL),
(1, '2026-04-25', 8.49, 55.19, 6.5, 'manual', NULL),
(1, '2026-04-26', 8.85, 57.52, 6.5, 'manual', NULL),
(1, '2026-04-27', 7.94, 51.61, 6.5, 'manual', NULL),
(1, '2026-04-28', 7.83, 50.9, 6.5, 'manual', NULL),
(1, '2026-04-29', 7.63, 49.59, 6.5, 'manual', NULL),
(1, '2026-04-30', 7.9, 51.35, 6.5, 'manual', NULL),
(1, '2026-05-01', 7.79, 50.63, 6.5, 'manual', NULL),
(1, '2026-05-02', 8.44, 54.86, 6.5, 'manual', NULL),
(1, '2026-05-03', 8.4, 54.6, 6.5, 'manual', NULL),
(1, '2026-05-04', 7.12, 46.28, 6.5, 'manual', NULL),
(1, '2026-05-05', 7.93, 51.55, 6.5, 'manual', NULL),
(1, '2026-05-06', 7.36, 47.84, 6.5, 'manual', NULL),
(1, '2026-05-07', 9.46, 61.49, 6.5, 'manual', NULL),
(1, '2026-05-08', 6.96, 45.24, 6.5, 'manual', NULL),
(1, '2026-05-09', 8.27, 53.75, 6.5, 'manual', NULL),
(1, '2026-05-10', 9.79, 63.63, 6.5, 'manual', NULL),
(1, '2026-05-11', 8.85, 57.52, 6.5, 'manual', NULL),
(1, '2026-05-12', 8.14, 52.91, 6.5, 'manual', NULL),
(1, '2026-05-13', 8.44, 54.86, 6.5, 'manual', NULL),
(1, '2026-05-14', 8.94, 58.11, 6.5, 'manual', NULL),
(1, '2026-05-15', 7.75, 50.38, 6.5, 'manual', NULL),
(1, '2026-05-16', 8.22, 53.43, 6.5, 'manual', NULL),
(1, '2026-05-17', 8.96, 58.24, 6.5, 'manual', NULL),
(1, '2026-05-18', 8.68, 56.42, 6.5, 'manual', NULL),
(1, '2026-05-19', 6.8, 44.2, 6.5, 'manual', NULL),
(1, '2026-05-20', 8.01, 52.06, 6.5, 'manual', NULL),
(1, '2026-05-21', 8.21, 53.37, 6.5, 'manual', NULL),
(1, '2026-05-22', 7.79, 50.63, 6.5, 'manual', NULL),
(1, '2026-05-23', 10.15, 65.98, 6.5, 'manual', NULL),
(1, '2026-05-24', 10.06, 65.39, 6.5, 'manual', NULL),
(1, '2026-05-25', 9.99, 64.94, 6.5, 'manual', NULL),
(1, '2026-05-26', 8.66, 56.29, 6.5, 'manual', NULL),
(1, '2026-05-27', 7.7, 50.05, 6.5, 'manual', NULL),
(1, '2026-05-28', 7.77, 50.5, 6.5, 'manual', NULL),
(1, '2026-05-29', 7.58, 49.27, 6.5, 'manual', NULL),
(1, '2026-05-30', 10.54, 68.51, 6.5, 'manual', NULL),
(1, '2026-05-31', 9.36, 60.84, 6.5, 'manual', NULL),
(1, '2026-06-01', 8.28, 53.82, 6.5, 'manual', NULL),
(1, '2026-06-02', 8.97, 58.31, 6.5, 'manual', NULL),
(1, '2026-06-03', 7.82, 50.83, 6.5, 'manual', NULL),
(1, '2026-06-04', 8.2, 53.3, 6.5, 'manual', NULL),
(1, '2026-06-05', 6.99, 45.44, 6.5, 'manual', NULL),
(1, '2026-06-06', 9.12, 59.28, 6.5, 'manual', NULL),
(1, '2026-06-07', 9.57, 62.2, 6.5, 'manual', NULL),
(1, '2026-06-08', 8.88, 57.72, 6.5, 'manual', NULL),
(1, '2026-06-09', 9.53, 61.94, 6.5, 'manual', NULL),
(1, '2026-06-10', 8.6, 55.9, 6.5, 'manual', NULL),
(1, '2026-06-11', 8.85, 57.52, 6.5, 'manual', NULL),
(1, '2026-06-12', 8.8, 57.2, 6.5, 'manual', NULL),
(2, '2026-03-15', 10.34, 67.21, 6.5, 'manual', NULL),
(2, '2026-03-16', 9.5, 61.75, 6.5, 'manual', NULL),
(2, '2026-03-17', 9.49, 61.69, 6.5, 'manual', NULL),
(2, '2026-03-18', 9.97, 64.81, 6.5, 'manual', NULL),
(2, '2026-03-19', 9.26, 60.19, 6.5, 'manual', NULL),
(2, '2026-03-20', 8.34, 54.21, 6.5, 'manual', NULL),
(2, '2026-03-21', 9.95, 64.67, 6.5, 'manual', NULL),
(2, '2026-03-22', 12.57, 81.7, 6.5, 'manual', NULL),
(2, '2026-03-23', 6.65, 43.23, 6.5, 'manual', NULL),
(2, '2026-03-24', 8.77, 57.0, 6.5, 'manual', NULL),
(2, '2026-03-25', 8.25, 53.62, 6.5, 'manual', NULL),
(2, '2026-03-26', 9.63, 62.6, 6.5, 'manual', NULL),
(2, '2026-03-27', 8.96, 58.24, 6.5, 'manual', NULL),
(2, '2026-03-28', 11.1, 72.15, 6.5, 'manual', NULL),
(2, '2026-03-29', 12.65, 82.23, 6.5, 'manual', NULL),
(2, '2026-03-30', 9.08, 59.02, 6.5, 'manual', NULL),
(2, '2026-03-31', 8.41, 54.66, 6.5, 'manual', NULL),
(2, '2026-04-01', 11.02, 71.63, 6.5, 'manual', NULL),
(2, '2026-04-02', 10.92, 70.98, 6.5, 'manual', NULL),
(2, '2026-04-03', 11.39, 74.03, 6.5, 'manual', NULL),
(2, '2026-04-04', 12.64, 82.16, 6.5, 'manual', NULL),
(2, '2026-04-05', 11.17, 72.61, 6.5, 'manual', NULL),
(2, '2026-04-06', 11.49, 74.69, 6.5, 'manual', NULL),
(2, '2026-04-07', 9.67, 62.85, 6.5, 'manual', NULL),
(2, '2026-04-08', 10.41, 67.67, 6.5, 'manual', NULL),
(2, '2026-04-09', 8.92, 57.98, 6.5, 'manual', NULL),
(2, '2026-04-10', 9.52, 61.88, 6.5, 'manual', NULL),
(2, '2026-04-11', 12.9, 83.85, 6.5, 'manual', NULL),
(2, '2026-04-12', 13.21, 85.87, 6.5, 'manual', NULL),
(2, '2026-04-13', 10.49, 68.19, 6.5, 'manual', NULL),
(2, '2026-04-14', 11.98, 77.87, 6.5, 'manual', NULL),
(2, '2026-04-15', 10.45, 67.92, 6.5, 'manual', NULL),
(2, '2026-04-16', 8.1, 52.65, 6.5, 'manual', NULL),
(2, '2026-04-17', 11.26, 73.19, 6.5, 'manual', NULL),
(2, '2026-04-18', 10.11, 65.72, 6.5, 'manual', NULL),
(2, '2026-04-19', 10.72, 69.68, 6.5, 'manual', NULL),
(2, '2026-04-20', 10.28, 66.82, 6.5, 'manual', NULL),
(2, '2026-04-21', 11.5, 74.75, 6.5, 'manual', NULL),
(2, '2026-04-22', 11.52, 74.88, 6.5, 'manual', NULL),
(2, '2026-04-23', 10.61, 68.97, 6.5, 'manual', NULL),
(2, '2026-04-24', 11.42, 74.23, 6.5, 'manual', NULL),
(2, '2026-04-25', 11.49, 74.69, 6.5, 'manual', NULL),
(2, '2026-04-26', 15.96, 103.74, 6.5, 'manual', NULL),
(2, '2026-04-27', 10.84, 70.46, 6.5, 'manual', NULL),
(2, '2026-04-28', 11.02, 71.63, 6.5, 'manual', NULL),
(2, '2026-04-29', 10.97, 71.31, 6.5, 'manual', NULL),
(2, '2026-04-30', 12.65, 82.23, 6.5, 'manual', NULL),
(2, '2026-05-01', 11.55, 75.08, 6.5, 'manual', NULL),
(2, '2026-05-02', 13.61, 88.47, 6.5, 'manual', NULL),
(2, '2026-05-03', 13.0, 84.5, 6.5, 'manual', NULL),
(2, '2026-05-04', 11.05, 71.83, 6.5, 'manual', NULL),
(2, '2026-05-05', 11.78, 76.57, 6.5, 'manual', NULL),
(2, '2026-05-06', 11.55, 75.08, 6.5, 'manual', NULL),
(2, '2026-05-07', 11.77, 76.5, 6.5, 'manual', NULL),
(2, '2026-05-08', 11.0, 71.5, 6.5, 'manual', NULL),
(2, '2026-05-09', 15.03, 97.69, 6.5, 'manual', NULL),
(2, '2026-05-10', 14.44, 93.86, 6.5, 'manual', NULL),
(2, '2026-05-11', 13.86, 90.09, 6.5, 'manual', NULL),
(2, '2026-05-12', 12.68, 82.42, 6.5, 'manual', NULL),
(2, '2026-05-13', 12.23, 79.5, 6.5, 'manual', NULL),
(2, '2026-05-14', 11.94, 77.61, 6.5, 'manual', NULL),
(2, '2026-05-15', 13.27, 86.25, 6.5, 'manual', NULL),
(2, '2026-05-16', 14.2, 92.3, 6.5, 'manual', NULL),
(2, '2026-05-17', 13.03, 84.69, 6.5, 'manual', NULL),
(2, '2026-05-18', 11.28, 73.32, 6.5, 'manual', NULL),
(2, '2026-05-19', 9.7, 63.05, 6.5, 'manual', NULL),
(2, '2026-05-20', 13.93, 90.55, 6.5, 'manual', NULL),
(2, '2026-05-21', 14.11, 91.72, 6.5, 'manual', NULL),
(2, '2026-05-22', 10.79, 70.13, 6.5, 'manual', NULL),
(2, '2026-05-23', 13.28, 86.32, 6.5, 'manual', NULL),
(2, '2026-05-24', 13.54, 88.01, 6.5, 'manual', NULL),
(2, '2026-05-25', 11.78, 76.57, 6.5, 'manual', NULL),
(2, '2026-05-26', 13.15, 85.48, 6.5, 'manual', NULL),
(2, '2026-05-27', 13.03, 84.69, 6.5, 'manual', NULL),
(2, '2026-05-28', 13.04, 84.76, 6.5, 'manual', NULL),
(2, '2026-05-29', 13.42, 87.23, 6.5, 'manual', NULL),
(2, '2026-05-30', 15.3, 99.45, 6.5, 'manual', NULL),
(2, '2026-05-31', 15.5, 100.75, 6.5, 'manual', NULL),
(2, '2026-06-01', 10.99, 71.44, 6.5, 'manual', NULL),
(2, '2026-06-02', 12.18, 79.17, 6.5, 'manual', NULL),
(2, '2026-06-03', 13.69, 88.98, 6.5, 'manual', NULL),
(2, '2026-06-04', 10.83, 70.39, 6.5, 'manual', NULL),
(2, '2026-06-05', 14.75, 95.88, 6.5, 'manual', NULL),
(2, '2026-06-06', 16.65, 108.22, 6.5, 'manual', NULL),
(2, '2026-06-07', 15.38, 99.97, 6.5, 'manual', NULL),
(2, '2026-06-08', 13.68, 88.92, 6.5, 'manual', NULL),
(2, '2026-06-09', 12.93, 84.05, 6.5, 'manual', NULL),
(2, '2026-06-10', 14.9, 96.85, 6.5, 'manual', NULL),
(2, '2026-06-11', 14.2, 92.3, 6.5, 'manual', NULL),
(2, '2026-06-12', 13.7, 89.05, 6.5, 'manual', NULL);


-- ============================================================
-- 3. APPLIANCES — typical household appliances for both users
--    monthly_kwh = (power_w/1000) * daily_hrs * 30
--    monthly_cost = monthly_kwh * 6.50
-- ============================================================
INSERT INTO `appliances`
    (`user_id`, `name`, `category`, `power_rating_w`, `daily_usage_hrs`,
     `monthly_kwh`, `monthly_cost`, `is_active`, `created_at`)
VALUES
    -- Admin (user_id=1)
    (1, 'Living Room AC',        'Air Conditioner', 1500, 5.0,  225.00, 1462.50, 1, NOW() - INTERVAL 80 DAY),
    (1, 'Refrigerator',          'Refrigerator',     150, 24.0, 108.00,  702.00, 1, NOW() - INTERVAL 90 DAY),
    (1, 'Washing Machine',       'Washing Machine',  500, 1.0,  15.00,    97.50, 1, NOW() - INTERVAL 70 DAY),
    (1, 'Living Room TV',        'Television',       120, 4.0,  14.40,    93.60, 1, NOW() - INTERVAL 85 DAY),
    (1, 'LED Lights (x8)',       'Lights',            64, 6.0,  11.52,    74.88, 1, NOW() - INTERVAL 90 DAY),
    (1, 'Ceiling Fans (x3)',     'Fans',             225, 10.0, 67.50,   438.75, 1, NOW() - INTERVAL 90 DAY),
    (1, 'Geyser / Water Heater', 'Water Heater',     2000, 1.0,  60.00,  390.00, 1, NOW() - INTERVAL 60 DAY),
    (1, 'Desktop Computer',      'Computer',          250, 6.0,  45.00,  292.50, 1, NOW() - INTERVAL 75 DAY),

    -- Demo user (user_id=2)
    (2, 'Bedroom AC (Inverter)', 'Air Conditioner', 1200, 8.0,  288.00, 1872.00, 1, NOW() - INTERVAL 65 DAY),
    (2, 'Double-Door Fridge',    'Refrigerator',     200, 24.0, 144.00,  936.00, 1, NOW() - INTERVAL 99 DAY),
    (2, 'Washing Machine',       'Washing Machine',  600, 1.5,  27.00,   175.50, 1, NOW() - INTERVAL 60 DAY),
    (2, 'Smart TV 55"',          'Television',       150, 5.0,  22.50,   146.25, 1, NOW() - INTERVAL 80 DAY),
    (2, 'LED Lights (x12)',      'Lights',            96, 7.0,  20.16,   131.04, 1, NOW() - INTERVAL 99 DAY),
    (2, 'Ceiling Fans (x4)',     'Fans',             300, 12.0, 108.00,  702.00, 1, NOW() - INTERVAL 99 DAY),
    (2, 'Storage Water Heater',  'Water Heater',     2500, 1.5,  112.50,  731.25, 1, NOW() - INTERVAL 50 DAY),
    (2, 'Gaming Laptop',         'Computer',          180, 5.0,  27.00,   175.50, 1, NOW() - INTERVAL 55 DAY),
    (2, 'Old Microwave (unused)','Other',            1200, 8.0,  288.00, 1872.00, 0, NOW() - INTERVAL 99 DAY);


-- ============================================================
-- 4. PREDICTIONS — recent ML forecasts for both users
--    (Linear Regression & Random Forest, day/week/month)
-- ============================================================
INSERT INTO `predictions`
    (`user_id`, `prediction_date`, `period`, `predicted_units`, `predicted_cost`,
     `model_used`, `mae`, `rmse`, `r2_score`, `created_at`)
VALUES
    -- Admin (user_id=1) — Linear Regression
    (1, CURDATE() + INTERVAL 1 DAY,  'day',   9.10,  59.15, 'linear_regression', 0.62, 0.81, 0.74, NOW()),
    (1, CURDATE() + INTERVAL 7 DAY,  'week',  64.20, 417.30, 'linear_regression', 0.62, 0.81, 0.74, NOW()),
    (1, CURDATE() + INTERVAL 30 DAY, 'month', 280.50, 1823.25, 'linear_regression', 0.62, 0.81, 0.74, NOW()),

    -- Admin (user_id=1) — Random Forest
    (1, CURDATE() + INTERVAL 1 DAY,  'day',   8.95,  58.18, 'random_forest', 0.55, 0.73, 0.81, NOW()),
    (1, CURDATE() + INTERVAL 7 DAY,  'week',  63.10, 410.15, 'random_forest', 0.55, 0.73, 0.81, NOW()),
    (1, CURDATE() + INTERVAL 30 DAY, 'month', 277.80, 1805.70, 'random_forest', 0.55, 0.73, 0.81, NOW()),

    -- Demo user (user_id=2) — Linear Regression
    (2, CURDATE() + INTERVAL 1 DAY,  'day',   14.40,  93.60, 'linear_regression', 0.95, 1.18, 0.69, NOW()),
    (2, CURDATE() + INTERVAL 7 DAY,  'week',  101.50, 659.75, 'linear_regression', 0.95, 1.18, 0.69, NOW()),
    (2, CURDATE() + INTERVAL 30 DAY, 'month', 442.00, 2873.00, 'linear_regression', 0.95, 1.18, 0.69, NOW()),

    -- Demo user (user_id=2) — Random Forest
    (2, CURDATE() + INTERVAL 1 DAY,  'day',   14.10,  91.65, 'random_forest', 0.88, 1.05, 0.77, NOW()),
    (2, CURDATE() + INTERVAL 7 DAY,  'week',  99.80, 648.70, 'random_forest', 0.88, 1.05, 0.77, NOW()),
    (2, CURDATE() + INTERVAL 30 DAY, 'month', 436.50, 2837.25, 'random_forest', 0.88, 1.05, 0.77, NOW());


-- ============================================================
-- 5. ALERTS — anomaly / spike / leakage alerts
-- ============================================================
INSERT INTO `alerts`
    (`user_id`, `alert_type`, `severity`, `message`, `is_read`, `triggered_at`)
VALUES
    (1, 'spike',   'medium',
     'Consumption on Mar 28 (8.39 kWh) was 39% above your 30-day average. Check if any high-power appliance ran longer than usual.',
     0, NOW() - INTERVAL 75 DAY),

    (1, 'cost',    'low',
     'Your estimated bill this month is trending 8% higher than last month.',
     1, NOW() - INTERVAL 10 DAY),

    (1, 'leakage', 'high',
     'Possible standby power drain detected: usage on rest days remains above 5 kWh, suggesting devices left on.',
     0, NOW() - INTERVAL 3 DAY),

    (2, 'spike',   'high',
     'Consumption on Jun 7 (9.98+ kWh observed) is among the highest this month, likely due to AC + laundry overlap.',
     0, NOW() - INTERVAL 5 DAY),

    (2, 'anomaly', 'medium',
     'Weekend usage is consistently ~25% higher than weekdays. Consider shifting laundry/dishwashing to off-peak hours.',
     0, NOW() - INTERVAL 2 DAY),

    (2, 'cost',    'medium',
     'Your projected monthly bill (₹2,873) exceeds the efficient-household benchmark by a wide margin.',
     1, NOW() - INTERVAL 1 DAY);


-- ============================================================
-- 6. RECOMMENDATIONS — sample tips per user
-- ============================================================
INSERT INTO `recommendations`
    (`user_id`, `category`, `title`, `description`,
     `potential_saving_kwh`, `potential_saving_cost`, `priority`, `is_applied`, `created_at`)
VALUES
    -- Admin (user_id=1)
    (1, 'behaviour', 'Reduce overall daily consumption',
     'Your average usage is 7.76 kWh/day, which is 4.76 kWh above the efficient household benchmark of 3.0 kWh/day. Switching off idle devices, using natural light, and shifting non-essential loads to off-peak hours could cut this gap roughly in half.',
     71.40, 464.10, 'high', 0, NOW() - INTERVAL 5 DAY),

    (1, 'appliance', 'Optimize usage: Living Room AC',
     'Living Room AC (1500W) is flagged for high power rating. Reducing its daily runtime by just 1 hour could save approximately 45.00 kWh per month. Consider using a timer, eco-mode, or scheduling it during off-peak hours.',
     45.00, 292.50, 'high', 0, NOW() - INTERVAL 5 DAY),

    (1, 'peak', 'Shift load away from Saturdays',
     'Saturday shows your highest average consumption (8.20 kWh). Shifting heavy tasks like laundry, dishwashing, or EV charging to lower-usage days or off-peak hours (typically late night/early morning) can reduce demand charges and overall cost.',
     4.92, 31.98, 'medium', 0, NOW() - INTERVAL 5 DAY),

    (1, 'billing', 'Eliminate standby (''vampire'') power drain',
     'Devices left plugged in on standby (TVs, chargers, set-top boxes, routers) typically account for 5-10% of a household bill. At your current usage, unplugging idle devices or using smart power strips could save around ₹35.80 per month.',
     5.51, 35.80, 'medium', 1, NOW() - INTERVAL 5 DAY),

    -- Demo user (user_id=2)
    (2, 'behaviour', 'Reduce overall daily consumption',
     'Your average usage is 11.50 kWh/day, which is 8.50 kWh above the efficient household benchmark of 3.0 kWh/day. Switching off idle devices, using natural light, and shifting non-essential loads to off-peak hours could cut this gap roughly in half.',
     127.50, 828.75, 'high', 0, NOW() - INTERVAL 3 DAY),

    (2, 'appliance', 'Optimize usage: Bedroom AC (Inverter)',
     'Bedroom AC (Inverter) (1200W) is flagged for runs 8+ hrs/day. Reducing its daily runtime by just 1 hour could save approximately 36.00 kWh per month. Consider using a timer, eco-mode, or scheduling it during off-peak hours.',
     36.00, 234.00, 'high', 0, NOW() - INTERVAL 3 DAY),

    (2, 'appliance', 'Optimize usage: Ceiling Fans (x4)',
     'Ceiling Fans (x4) (300W) is flagged for runs 12+ hrs/day. Reducing its daily runtime by just 1 hour could save approximately 9.00 kWh per month. Consider using a timer, eco-mode, or scheduling it during off-peak hours.',
     9.00, 58.50, 'medium', 0, NOW() - INTERVAL 3 DAY),

    (2, 'peak', 'Shift load away from Sundays',
     'Sunday shows your highest average consumption (12.10 kWh). Shifting heavy tasks like laundry, dishwashing, or EV charging to lower-usage days or off-peak hours (typically late night/early morning) can reduce demand charges and overall cost.',
     7.26, 47.19, 'medium', 0, NOW() - INTERVAL 3 DAY),

    (2, 'billing', 'Eliminate standby (''vampire'') power drain',
     'Devices left plugged in on standby (TVs, chargers, set-top boxes, routers) typically account for 5-10% of a household bill. At your current usage, unplugging idle devices or using smart power strips could save around ₹161.20 per month.',
     24.80, 161.20, 'medium', 0, NOW() - INTERVAL 3 DAY);


-- ============================================================
-- 7. CARBON_FOOTPRINT — monthly records derived from
--    electricity_usage above (emission factor = 0.82 kg/kWh)
-- ============================================================
INSERT INTO `carbon_footprint`
    (`user_id`, `month`, `year`, `co2_generated`, `co2_saved`,
     `trees_equivalent`, `sustainability_score`, `created_at`)
VALUES
    (1, 3, 2026, 92.67, 0.0, 53.0, 0.0, NOW()),
    (1, 4, 2026, 179.82, 0.0, 102.8, 0.0, NOW()),
    (1, 5, 2026, 214.94, 0.0, 122.8, 0.0, NOW()),
    (1, 6, 2026, 84.96, 0.0, 48.5, 0.0, NOW()),
    (2, 3, 2026, 133.59, 0.0, 76.3, 0.0, NOW()),
    (2, 4, 2026, 274.4, 0.0, 156.8, 0.0, NOW()),
    (2, 5, 2026, 326.23, 0.0, 186.4, 0.0, NOW()),
    (2, 6, 2026, 134.38, 0.0, 76.8, 0.0, NOW());


-- ============================================================
-- 8. REPORTS — sample generated report history
--    NOTE: `file_path` references are illustrative; actual PDF
--    files are generated by report_service.py at runtime and
--    saved to src/static/reports/. These rows let the Reports
--    page show history immediately, but downloading them will
--    404 until the corresponding PDF is generated via the UI.
-- ============================================================
INSERT INTO `reports`
    (`user_id`, `title`, `report_type`, `file_path`, `generated_at`)
VALUES
    (1, 'Monthly Report — June 2026', 'monthly',
     'user1_monthly_20260601_090000.pdf', NOW() - INTERVAL 12 DAY),

    (1, 'Annual Report — 2026', 'annual',
     'user1_annual_20260601_090500.pdf', NOW() - INTERVAL 12 DAY),

    (1, 'Carbon Report — June 2026', 'carbon',
     'user1_carbon_20260605_100000.pdf', NOW() - INTERVAL 8 DAY),

    (2, 'Forecast Report — 13 Jun 2026', 'forecast',
     'user2_forecast_20260613_080000.pdf', NOW() - INTERVAL 1 DAY),

    (2, 'Recommendation Report — 13 Jun 2026', 'recommendation',
     'user2_recommendation_20260613_080500.pdf', NOW() - INTERVAL 1 DAY),

    (2, 'Monthly Report — June 2026', 'monthly',
     'user2_monthly_20260612_180000.pdf', NOW() - INTERVAL 1 DAY);


SET FOREIGN_KEY_CHECKS = 1;

-- ============================================================
-- Done. Next step: set real passwords for admin / demo_user.
-- See database/set_sample_passwords.py
-- ============================================================
